8095869,Coca-Cola Original Taste 1.25L
7870766,Sainsbury's British Fresh Chicken Breast Fillets Skinless & Boneless 1kg
3422816,Napolina Chopped Tomatoes 4x400g
7104021,Comfort Pure Fabric Conditioner 85 Washes 3L
7840841,Birds Eye Garden Peas 800g
2300757,Hovis Medium Sliced Wholemeal Bread 800g
7287924,Head & Shoulders Menthol Fresh Anti-Dandruff Shampoo 400ml
3019009,Lavazza Qualita Rossa Ground Coffee 2x250g
7868830,L'OR Nespresso Compatible Espresso Supremo x10 Aluminium Coffee Capsules Intensity 10
7614709,Sainsbury's Dried Apricots 500g
7777551,Brewdog Punk India Pale Ale (IPA) 4x330ml
7847986,Cadbury Milk Chocolate Mini Rolls Cakes x10
122337648,Bostik Blu Tack Handy
132643091,Wd-40 Smartstraw Multi Use Product 300Ml
